,sum_international,sum_national,year
0,41195989.919999994,107247140.95033334,2555
1,45198473.9155,145283195.0749524,2556
2,47301941.340712115,108320266.9566883,2557
3,50333271.094909094,132648886.61652264,2558
4,44375436.70340909,219048846.53524312,2559
5,42262885.269863635,321987511.6993977,2560
6,39006949.126,398192298.38181096,2561
7,43650742.8605,438224184.6972,2562
8,36719097.6638,129077685.9855,2563
9,8785106.901200002,25776104.1095,2564
