budget_year,11
2555,25241871.31699999
2556,51490202.634952374
2557,83147284.06214294
2558,79333413.74411353
2559,129329294.995334
2560,205598710.232034
2561,216636800.5653112
2562,270032285.22620004
2563,208355181.87830004
2564,336595631.63120025
