,sum_international,sum_national,year
0,41195989.919999994,107247140.95033334,2555
1,45198473.9155,144821195.0749524,2556
2,47343608.01071212,108320266.9566883,2557
3,50341604.42490909,132648886.61652264,2558
4,44375436.70340909,219000953.50524312,2559
5,42380345.25986363,321905409.36939776,2560
6,39006949.125999995,398110196.0518109,2561
7,43615951.19049999,438196497.12719995,2562
8,36656289.3338,105596665.98550004,2563
9,8780406.9012,25776104.1095,2564
