,sum_international,sum_national,year
0,41295989.919999994,107247140.95033334,2555
1,45320140.5855,145283195.0749524,2556
2,47312441.340712115,108320266.9566883,2557
3,50333271.094909094,132648886.61652264,2558
4,44375436.70340909,220412846.53524315,2559
5,42262885.269863635,322280461.6993976,2560
6,39105229.126,401947900.0518109,2561
7,44833496.190500006,472291397.98020005,2562
8,44123286.4583,239324213.8988,2563
9,29732003.001199998,349469349.4282,2564
