budget_year,11
2555,25241871.317
2556,51490202.634952374
2557,83147284.06214295
2558,79133413.74411349
2559,127917401.96533395
2560,205226407.90203434
2561,212625713.23531094
2562,238033847.70319995
2563,87918042.26499999
2564,23510493.7125
