,sum_international,sum_national,year
0,41195989.919999994,107247140.95033334,2555
1,45198473.9155,144821195.0749524,2556
2,47343608.01071212,108320266.9566883,2557
3,50341604.42490909,132626632.68802264,2558
4,44375436.70340909,218733906.36274314,2559
5,42380345.259863645,321883155.44089776,2560
6,39006949.125999995,398110196.05181104,2561
7,43615951.19049999,438196497.12720007,2562
8,36656289.333799995,105596665.98550004,2563
9,8780406.9012,25776104.1095,2564
