budget_year,11
2555,25241871.317000013
2556,51490202.63495237
2557,83147284.06214292
2558,79333413.74411353
2559,129329294.99533398
2560,205598710.23203436
2561,216636800.5653111
2562,270032285.22619987
2563,208355181.87829995
2564,340794881.63120073
