,sum_international,sum_national,year
0,3822835.915,87152715.90400001,2554
1,41195989.919999994,107247140.95033336,2555
2,45198473.9155,144821195.0749524,2556
3,47343608.010712124,108320266.95668831,2557
4,50341604.42490909,132626632.68802266,2558
5,44375436.70340909,218733906.36274308,2559
6,42380345.25986363,322033155.44089776,2560
7,39006949.125999995,398110196.05181104,2561
8,43615951.1905,438196497.12719995,2562
9,36656289.3338,105596665.9855,2563
