budget_year,11
2555,25241871.317
2556,51490202.63495237
2557,83147284.06214297
2558,79133413.7441135
2559,127965294.99533397
2560,205308510.23203436
2561,212707815.56531096
2562,238068057.0131999
2563,111279062.265
2564,23510493.7125
