budget_year,11
2555,25241871.316999998
2556,51490202.63495237
2557,83147284.06214288
2558,79333413.74411342
2559,129329294.99533401
2560,205524126.89953434
2561,216487633.90031114
2562,269883118.5612
2563,218147804.65780014
2564,417609686.03620034
