,sum_international,sum_national,year
0,41195989.919999994,107247140.95033334,2555
1,45198473.9155,145283195.0749524,2556
2,47301941.340712115,108320266.9566883,2557
3,50333271.094909094,132648886.61652264,2558
4,44375436.70340909,219048846.53524315,2559
5,42262885.269863635,322160711.6993977,2560
6,39006949.125999995,400359423.38181096,2561
7,43650742.8605,441954684.6972,2562
8,36902097.6638,132760185.98550005,2563
9,9018106.901200002,26705479.1095,2564
