budget_year,12
2554,175000.0
2555,175000.0
2556,3003584.15
2557,3736016.5
2558,7358579.039999999
2559,28780734.11999999
2560,15652467.769999998
2561,17166072.91
2562,4310541.5600000005
2563,1059666.66
