budget_year,11
2555,25241871.316999994
2556,51490202.63495236
2557,83147284.06214294
2558,79133413.74411352
2559,127965294.99533394
2560,205481710.23203424
2561,214874940.56531104
2562,240433557.01319984
2563,114994562.265
2564,24439868.712499995
