budget_year,11
2555,25241871.317
2556,51490202.63495236
2557,83147284.06214286
2558,79333413.74411356
2559,129329294.99533395
2560,205524126.89953443
2561,216487633.90031108
2562,269883118.56119984
2563,209059991.8813
2564,346053986.12570053
