budget_year,12
2555,175000.0
2556,3465584.1500000004
2557,3736016.5000000005
2558,7358579.040000001
2559,28780734.119999994
2560,15652467.77
2561,17166072.91
2562,4304019.82
2563,1059666.66
2564,688666.6599999999
