budget_year,11
2555,25241871.317
2556,51490202.63495237
2557,83147284.06214294
2558,79133413.74411352
2559,127965294.99533392
2560,205481710.23203436
2561,214874940.56531098
2562,240433557.01319993
2563,114994562.26499997
2564,24439868.7125
